spring_fawn_count_(hundreds),adult_population_(hundreds),annual_precipitation_(inches)
2.900000095,9.199999809,13.19999981
2.400000095,8.699999809,11.5
2,7.199999809,10.80000019
2.299999952,8.5,12.30000019
3.200000048,9.6,12.60000038
1.899999976,6.800000191,10.60000038
3.400000095,9.699999809,14.10000038
2.099999905,7.900000095,11.19999981
